quarter,buy_date,wb_EW10,wb_EW15,wb_EW30,wb_B,wb_B2,universe,N500TRI,SC250TRI,hold_EW10,hold_EW15,hold_EW30,hold_B,hold_B2
2012-03-31,2012-05-31,0.140948,0.118459,0.094187,0.047987,0.047987,0.055144,0.062286,0.034807,0.068547,0.0458,0.051014,0.035984,0.035984
2012-06-30,2012-08-31,0.231154,0.399009,0.293091,0.390729,0.390729,0.165081,0.133995,0.158307,0.392049,0.278434,0.176678,0.084799,0.084799
2012-09-30,2012-11-30,0.351078,0.2264,0.097101,0.465584,0.465584,-0.086937,-0.04139,-0.110111,0.339005,0.26782,0.140521,0.326014,0.326014
2012-12-31,2013-02-28,0.224808,0.189963,0.115468,0.153991,0.153991,0.000969,0.049083,-0.02054,0.263851,0.153486,0.094516,0.231669,0.231669
2013-03-31,2013-05-31,0.085321,0.010712,-0.031279,-0.03043,0.058258,-0.13371,-0.103225,-0.150471,-0.062774,-0.045016,-0.057943,-0.064602,-0.003647
2013-06-30,2013-08-31,0.369198,0.332037,0.270795,0.295693,0.258233,0.231477,0.144497,0.206349,0.211974,0.21432,0.176127,0.160218,0.101802
2013-09-30,2013-11-30,0.172085,0.185956,0.181269,0.24902,0.285489,0.060728,0.018264,0.069699,0.247414,0.18643,0.164612,0.206515,0.2707
2013-12-31,2014-02-28,0.225331,0.221108,0.20208,0.19395,0.181239,0.434225,0.198839,0.408993,0.171075,0.201393,0.270382,0.196904,0.191552
2014-03-31,2014-05-31,0.677048,0.562008,0.445054,0.47733,0.55275,0.22342,0.102757,0.122503,0.755378,0.660171,0.447509,0.436294,0.378545
2014-06-30,2014-08-31,0.269867,0.285858,0.309817,0.352067,0.302674,0.156076,0.089016,0.080648,0.239908,0.23597,0.254255,0.157614,0.141858
2014-09-30,2014-11-30,0.207306,0.122159,0.064278,0.121728,0.140741,0.055594,0.047116,0.059118,0.344706,0.277585,0.181115,0.261146,0.222437
2014-12-31,2015-02-28,0.118717,0.115423,0.053269,0.039653,0.075387,0.00153,-0.036729,-0.011461,0.125092,0.097237,0.049984,0.000289,0.065456
2015-03-31,2015-05-31,0.224016,0.160482,0.14518,0.134672,0.19269,0.032877,-0.036827,-0.015898,1.11405,0.741024,0.463722,0.225062,0.184056
2015-06-30,2015-08-31,0.213509,0.154564,0.110883,0.086107,0.078376,0.101369,0.004386,0.063748,0.090671,0.072533,0.037535,-0.023525,-0.02616
2015-09-30,2015-11-30,-0.179429,-0.212433,-0.21591,-0.198318,-0.197296,-0.171645,-0.127174,-0.200531,-0.188113,-0.179769,-0.205236,-0.16799,-0.180714
2015-12-31,2016-02-29,0.267475,0.215087,0.224628,0.249423,0.310565,0.203116,0.170934,0.191113,0.171896,0.228426,0.221002,0.254459,0.339984
2016-03-31,2016-05-31,0.075597,0.205703,0.162192,0.187063,0.124225,0.166206,0.107562,0.157135,0.267104,0.228583,0.118646,0.173722,0.070947
2016-06-30,2016-08-31,0.009787,0.029681,0.079327,0.090751,0.0693,0.012191,-0.052951,-0.03563,0.213624,0.14751,0.057517,0.15462,0.08693
2016-09-30,2016-11-30,0.161862,0.117062,0.164993,0.153223,0.144087,0.116155,0.090774,0.123478,0.118824,0.151878,0.089501,0.075402,0.107159
2016-12-31,2017-02-28,0.044504,0.060165,0.090694,0.066874,0.084604,0.110786,0.086299,0.115969,0.184471,0.163435,0.146043,0.169992,0.207182
2017-03-31,2017-05-31,0.358498,0.304224,0.267879,0.129887,0.24601,0.063521,0.047882,0.043405,0.141233,0.104104,0.18498,0.032328,0.143808
2017-06-30,2017-08-31,0.254926,0.334789,0.310263,0.330239,0.326909,0.173434,0.054796,0.129268,0.30905,0.305337,0.226968,0.098855,0.171768
2017-09-30,2017-11-30,0.01459,-0.026679,0.011014,-0.013728,0.002282,0.011359,0.013561,-0.019702,0.002206,0.035048,0.046411,0.014914,0.050363
2017-12-31,2018-02-28,0.216298,0.061454,0.024769,0.027286,0.002724,-0.054496,0.008843,-0.07071,-0.047423,0.011262,-0.001662,-0.019807,-0.003821
2018-03-31,2018-05-31,-0.006114,0.074775,0.049541,0.09359,0.087664,0.011326,0.078605,-0.015442,-0.008879,0.031338,0.009619,0.047175,0.023991
2018-06-30,2018-08-31,0.017902,-0.056257,-0.115105,-0.112986,-0.113141,-0.134096,-0.086579,-0.165812,-0.107847,-0.131224,-0.087042,-0.088713,-0.081696
2018-09-30,2018-11-30,-0.03633,-0.037288,-0.050119,-0.01578,-0.04552,-0.053053,-0.014801,-0.041374,-0.03753,-0.044576,-0.052915,-0.019996,-0.033888
2018-12-31,2019-02-28,-0.000526,0.013579,0.099822,0.077765,0.132451,0.083775,0.096805,0.103854,0.06748,0.023409,0.02,0.028981,0.025829
2019-03-31,2019-05-31,-0.196634,-0.139423,-0.150663,-0.138502,-0.138127,-0.164708,-0.078247,-0.167714,-0.191719,-0.155623,-0.163252,-0.12243,-0.100067
2019-06-30,2019-08-31,0.065046,0.070709,0.08513,0.074552,0.079403,0.099666,0.095207,0.08189,0.138603,0.094544,0.080946,0.140846,0.033222
2019-09-30,2019-11-30,0.228719,0.297169,0.128327,0.152301,0.014038,-0.020538,-0.058007,0.001263,0.005728,0.21751,0.111779,0.022613,0.195593
2019-12-31,2020-02-29,-0.076823,-0.162359,-0.113963,-0.135157,-0.089953,-0.19182,-0.150037,-0.263989,-0.233004,-0.263229,0.091078,-0.193329,-0.207901
2020-03-31,2020-05-31,0.427068,0.570736,0.456564,0.324314,0.356616,0.400181,0.202298,0.36918,0.725861,0.752734,0.631719,0.531507,0.508563
2020-06-30,2020-08-31,0.253556,0.268707,0.196918,0.219181,0.430381,0.148251,0.14643,0.162366,0.02255,0.068987,0.105715,0.038878,0.290667
2020-09-30,2020-11-30,0.352843,0.233542,0.315956,0.249807,0.340603,0.278098,0.138367,0.232069,0.64092,0.519197,0.37735,0.355082,0.375476
2020-12-31,2021-02-28,0.130856,0.23994,0.260969,0.216289,0.215607,0.191567,0.08826,0.162022,0.531691,0.539811,0.545574,0.632575,0.384988
2021-03-31,2021-05-31,0.499293,0.329385,0.298943,0.373819,0.503557,0.163353,0.10505,0.110015,0.293636,0.264441,0.26405,0.230328,0.215818
2021-06-30,2021-08-31,0.562432,0.766953,0.435435,0.325993,0.416327,0.074861,0.008724,0.057303,0.196216,0.15636,0.091209,0.083913,0.083216
2021-09-30,2021-11-30,0.258929,0.214091,0.145955,0.142111,0.178807,-0.012989,-0.020897,-0.046233,0.137205,0.140763,0.106554,0.102306,0.048637
2021-12-31,2022-02-28,-0.026166,0.060257,0.057602,0.105844,0.085753,0.020531,-0.009683,-0.023151,0.166505,0.115263,0.143613,0.338523,0.324439
2022-03-31,2022-05-31,0.592017,0.424618,0.269509,0.497603,0.513474,0.118987,0.090718,0.076159,0.397465,0.348095,0.201585,0.479789,0.461059
2022-06-30,2022-08-31,-0.049494,-0.035789,0.034988,0.0423,-0.012711,0.053566,0.042043,0.041747,0.098977,0.154394,0.205215,0.176565,0.047535
2022-09-30,2022-11-30,0.082574,-0.023108,-0.045053,0.019819,0.011209,-0.070151,-0.088613,-0.074052,-0.108302,-0.099686,-0.000438,0.103496,0.156452
2022-12-31,2023-02-28,0.229581,0.262949,0.264411,0.206264,0.189869,0.143468,0.08834,0.111547,0.283898,0.214846,0.193843,0.245638,0.188548
2023-03-31,2023-05-31,0.385204,0.368218,0.393871,0.341559,0.38922,0.262823,0.077988,0.20722,0.36584,0.310746,0.363195,0.316479,0.313448
2023-06-30,2023-08-31,0.042615,0.111124,0.110972,0.093871,0.101702,0.126673,0.064623,0.112619,0.105269,0.130271,0.161218,0.106277,0.13315
2023-09-30,2023-11-30,0.540372,0.402623,0.322172,0.425234,0.346842,0.159628,0.118537,0.130608,0.364621,0.349293,0.258856,0.378241,0.293071
2023-12-31,2024-02-29,0.066991,0.044279,0.085258,0.093735,0.09439,0.037646,0.052982,0.04467,0.0706,0.003223,0.006875,-0.091252,-0.068249
2024-03-31,2024-05-31,0.210987,0.322795,0.275496,0.356581,0.317255,0.199868,0.129091,0.16628,0.14992,0.206268,0.224999,0.196165,0.151207
2024-06-30,2024-08-31,-0.040522,-0.054573,-0.025368,0.048886,0.05538,-0.027173,-0.042791,-0.023471,-0.078811,-0.074095,-0.077907,-0.052124,-0.060637
2024-09-30,2024-11-30,-0.227533,-0.229739,-0.209951,-0.174458,-0.223642,-0.214425,-0.122018,-0.217833,-0.222687,-0.258067,-0.218742,-0.152166,-0.196988
2024-12-31,2025-02-28,0.19523,0.237735,0.178946,0.130102,0.210121,0.210551,0.148916,0.216434,0.225632,0.23827,0.182918,0.220091,0.195013
2025-03-31,2025-05-31,-0.04,-0.030163,-0.040986,-0.010998,-0.073358,-0.014584,-0.00998,-0.016522,0.013382,-0.019819,-0.012785,-0.017105,-0.009876
2025-06-30,2025-08-31,0.065595,0.05266,0.102786,0.157887,0.170052,0.016151,0.067039,0.015064,-0.038763,0.057015,0.046775,0.015074,0.130709
2025-09-30,2025-11-30,0.065711,0.02277,0.005668,0.023908,-0.005,-0.05979,-0.030864,-0.050041,-0.020036,-0.005358,0.00835,-0.013617,0.090496
2025-12-31,2026-02-28,0.04686,0.086368,0.051519,0.066179,0.115464,0.066799,-0.020491,0.070615,-0.042357,-0.008791,0.04884,-0.004373,0.155814
2026-03-31,2026-05-31,0.13373,0.13947,0.07513,0.12887,0.140292,0.073349,0.039992,0.084378,0.048219,0.020883,0.034619,0.019756,0.020333
